id,first_name,last_name,email,gender
1,Ernaline,Horche,ehorche0@loc.gov,Female
2,Ainslee,Mehmet,amehmet1@github.io,Female
3,Jarid,Ballintyne,jballintyne2@huffingtonpost.com,Male
4,Whitaker,Pitherick,wpitherick3@jigsy.com,Male
5,Ashla,MacKissack,amackissack4@tinyurl.com,Female
6,Jule,Simoni,jsimoni5@ihg.com,Male
7,Orelia,Habbes,ohabbes6@qq.com,Female
8,Francklin,Bugg,fbugg7@123-reg.co.uk,Male
9,Willetta,Asling,wasling8@merriam-webster.com,Female
10,Nanete,Bendelow,nbendelow9@rediff.com,Female
11,Salmon,Monan,smonana@quantcast.com,Male
12,Odie,Dearden,odeardenb@woothemes.com,Male
13,Elsie,Bordone,ebordonec@paypal.com,Female
14,Nikolaos,Jewes,njewesd@economist.com,Male
15,Wylie,Sealove,wsealovee@51.la,Male
16,Nicolle,Banyard,nbanyardf@ebay.co.uk,Female
17,Hewe,Gozzett,hgozzettg@google.com.hk,Male
18,Rolf,MacIlraith,rmacilraithh@lulu.com,Male
19,Ludovico,Dyball,ldyballi@ustream.tv,Male
20,Terry,Ellings,tellingsj@ihg.com,Male
21,Hillary,Nafziger,hnafzigerk@phoca.cz,Male
22,Marcia,Aggs,maggsl@google.co.uk,Female
23,Brandise,Torrese,btorresem@indiegogo.com,Female
24,Myranda,Gisburne,mgisburnen@harvard.edu,Female
25,Vera,Fronzek,vfronzeko@ted.com,Female
26,Gertrud,Gillean,ggilleanp@cisco.com,Female
27,Barry,Krysztowczyk,bkrysztowczykq@nydailynews.com,Female
28,Tedi,Strase,tstraser@tuttocitta.it,Female
29,Emili,Houlden,ehouldens@springer.com,Female
30,Janeva,Christopher,jchristophert@com.com,Female
31,Teresina,Dumbrill,tdumbrillu@hao123.com,Female
32,Pat,Iacopetti,piacopettiv@last.fm,Male
33,Corbett,Jakeman,cjakemanw@ocn.ne.jp,Male
34,Broderick,Gurnee,bgurneex@blinklist.com,Male
35,Malcolm,Cohn,mcohny@bandcamp.com,Male
36,Guy,Ells,gellsz@jiathis.com,Male
37,Yevette,Pavey,ypavey10@netscape.com,Female
38,Germain,Shillam,gshillam11@ft.com,Male
39,Claretta,Skeleton,cskeleton12@google.ca,Female
40,Gilbertina,Baudy,gbaudy13@timesonline.co.uk,Female
41,Janella,Grouse,jgrouse14@scientificamerican.com,Female
42,Betta,Lithcow,blithcow15@histats.com,Female
43,Guthrie,O'Shirine,goshirine16@bandcamp.com,Male
44,Courtney,Hemphill,chemphill17@dot.gov,Male
45,Shela,Middle,smiddle18@army.mil,Female
46,Abelard,Champneys,achampneys19@state.tx.us,Male
47,Doria,MacAulay,dmacaulay1a@friendfeed.com,Female
48,Aloysius,Drakeley,adrakeley1b@bluehost.com,Male
49,Peyton,Faivre,pfaivre1c@php.net,Male
50,Giffer,Trainer,gtrainer1d@wired.com,Male
51,Kerby,Sine,ksine1e@wired.com,Male
52,Tiena,Faye,tfaye1f@yahoo.co.jp,Female
53,Billi,Larmuth,blarmuth1g@wp.com,Female
54,Jolyn,Chappel,jchappel1h@wikispaces.com,Female
55,Creigh,Prangle,cprangle1i@epa.gov,Male
56,Marshall,Knuckles,mknuckles1j@lycos.com,Male
57,Merrill,Conradie,mconradie1k@skyrock.com,Female
58,Wilie,Isoldi,wisoldi1l@sakura.ne.jp,Female
59,Wye,Oddie,woddie1m@newyorker.com,Male
60,Alfonso,Eldredge,aeldredge1n@ted.com,Male
61,Farrand,Boughen,fboughen1o@buzzfeed.com,Female
62,Stanley,Crucitti,scrucitti1p@spiegel.de,Male
63,Moises,Hicklingbottom,mhicklingbottom1q@cargocollective.com,Male
64,Dottie,Lockner,dlockner1r@japanpost.jp,Female
65,Onfroi,Sedge,osedge1s@foxnews.com,Male
66,Delcine,Napoli,dnapoli1t@cnbc.com,Female
67,Augustine,Gerb,agerb1u@mozilla.org,Male
68,Ailbert,Isham,aisham1v@themeforest.net,Male
69,Devondra,Grisenthwaite,dgrisenthwaite1w@usa.gov,Female
70,Harper,Schettini,hschettini1x@baidu.com,Male
71,Laurella,Airs,lairs1y@jiathis.com,Female
72,Erhard,Gammon,egammon1z@prlog.org,Male
73,Salmon,Nanetti,snanetti20@skyrock.com,Male
74,Tomas,Giral,tgiral21@de.vu,Male
75,Cyrus,Stachini,cstachini22@europa.eu,Male
76,Gilbertine,Simmill,gsimmill23@canalblog.com,Female
77,Neile,Jennens,njennens24@livejournal.com,Female
78,Nancie,Whiteland,nwhiteland25@instagram.com,Female
79,Bunnie,Hynam,bhynam26@sohu.com,Female
80,Demott,Snarie,dsnarie27@fastcompany.com,Male
81,Dermot,Empringham,dempringham28@ihg.com,Male
82,Elenore,Allenson,eallenson29@github.io,Female
83,Ulrikaumeko,Chitty,uchitty2a@pagesperso-orange.fr,Female
84,Darla,Coldicott,dcoldicott2b@nasa.gov,Female
85,Dewain,Stopford,dstopford2c@blogs.com,Male
86,Bertha,Willett,bwillett2d@blogtalkradio.com,Female
87,Townsend,Loble,tloble2e@nba.com,Male
88,Johnathan,Marchant,jmarchant2f@harvard.edu,Male
89,Gaile,Tipple,gtipple2g@github.io,Male
90,Gustavus,Moon,gmoon2h@skype.com,Male
91,Aundrea,Gribbon,agribbon2i@digg.com,Female
92,Pepita,Zywicki,pzywicki2j@xrea.com,Female
93,Eddy,Jolley,ejolley2k@wordpress.com,Male
94,Ase,McCamish,amccamish2l@joomla.org,Male
95,Erek,Bonnett,ebonnett2m@google.cn,Male
96,Dave,Largent,dlargent2n@nature.com,Male
97,Ritchie,O'Coskerry,rocoskerry2o@friendfeed.com,Male
98,Putnem,Wiggam,pwiggam2p@comcast.net,Male
99,Tatiania,Reedy,treedy2q@wikimedia.org,Female
100,Mitchell,Jerche,mjerche2r@youku.com,Male
101,Ade,Verney,averney2s@wix.com,Male
102,Emanuele,Lymbourne,elymbourne2t@mozilla.com,Male
103,Kory,L'Amie,klamie2u@walmart.com,Male
104,Raye,Rydings,rrydings2v@wikispaces.com,Female
105,Carl,Naper,cnaper2w@marriott.com,Male
106,Gregorio,Clemoes,gclemoes2x@ca.gov,Male
107,Alika,Baldacchi,abaldacchi2y@comsenz.com,Female
108,Ansley,Couling,acouling2z@mozilla.com,Female
109,Sheridan,Hulls,shulls30@goo.gl,Male
110,Pauletta,Heakey,pheakey31@seesaa.net,Female
111,Pavia,Busby,pbusby32@cbc.ca,Female
112,Woody,Ellwood,wellwood33@accuweather.com,Male
113,Federico,Freestone,ffreestone34@trellian.com,Male
114,Andee,Plesing,aplesing35@photobucket.com,Female
115,Lindsey,Donet,ldonet36@de.vu,Male
116,Amalia,Goozee,agoozee37@xrea.com,Female
117,Ky,Sclater,ksclater38@stanford.edu,Male
118,Bidget,Akerman,bakerman39@epa.gov,Female
119,Kit,Gress,kgress3a@cdbaby.com,Female
120,Vicki,Short,vshort3b@amazon.de,Female
121,Arlana,Rattrie,arattrie3c@nature.com,Female
122,Waldon,Napolitano,wnapolitano3d@topsy.com,Male
123,Benedicto,Leahey,bleahey3e@sphinn.com,Male
124,Aluin,Dunabie,adunabie3f@boston.com,Male
125,Lane,Archbould,larchbould3g@scribd.com,Male
126,Halley,Hulatt,hhulatt3h@omniture.com,Female
127,Marve,Whitemarsh,mwhitemarsh3i@arizona.edu,Male
128,Freda,Lebang,flebang3j@blinklist.com,Female
129,Blanche,Broe,bbroe3k@msn.com,Female
130,Cointon,Norbury,cnorbury3l@youku.com,Male
131,Starr,Sherred,ssherred3m@accuweather.com,Female
132,Berti,Londing,blonding3n@tumblr.com,Male
133,Mohammed,Everett,meverett3o@chron.com,Male
134,Jessica,Boater,jboater3p@si.edu,Female
135,Bernie,Weavill,bweavill3q@examiner.com,Female
136,Lorraine,Gasperi,lgasperi3r@sourceforge.net,Female
137,Hortensia,Thomassen,hthomassen3s@usnews.com,Female
138,Cletus,Carillo,ccarillo3t@t-online.de,Male
139,Mahmoud,Cholerton,mcholerton3u@discuz.net,Male
140,Salem,Dyte,sdyte3v@feedburner.com,Male
141,Cammie,Croson,ccroson3w@usda.gov,Female
142,Currie,Dunniom,cdunniom3x@miitbeian.gov.cn,Male
143,Cristionna,Scorey,cscorey3y@webnode.com,Female
144,Linell,Marchelli,lmarchelli3z@acquirethisname.com,Female
145,Llewellyn,Tarling,ltarling40@google.pl,Male
146,Jarrid,Purchall,jpurchall41@cnbc.com,Male
147,Renata,Coryndon,rcoryndon42@aboutads.info,Female
148,Edmund,Buss,ebuss43@soundcloud.com,Male
149,Barnard,Lewty,blewty44@weebly.com,Male
150,Britta,Sonnenschein,bsonnenschein45@businesswire.com,Female
151,Emmalynn,Bringloe,ebringloe46@nytimes.com,Female
152,Lanette,Waddie,lwaddie47@theatlantic.com,Female
153,Brietta,Bootyman,bbootyman48@sciencedaily.com,Female
154,Ilise,Gentner,igentner49@pagesperso-orange.fr,Female
155,Mady,Pinkney,mpinkney4a@free.fr,Female
156,Moss,Scala,mscala4b@dedecms.com,Male
157,Cathi,Kock,ckock4c@unblog.fr,Female
158,Kylie,Wrightham,kwrightham4d@w3.org,Male
159,Adam,Quaintance,aquaintance4e@alexa.com,Male
160,Aguie,Endicott,aendicott4f@scribd.com,Male
161,Brina,Petrolli,bpetrolli4g@economist.com,Female
162,Carolyne,Sarle,csarle4h@sogou.com,Female
163,Chrissie,Reaveley,creaveley4i@geocities.com,Male
164,Brent,Dews,bdews4j@g.co,Male
165,Antin,Melton,amelton4k@house.gov,Male
166,Barbette,Rehme,brehme4l@prnewswire.com,Female
167,Cecilia,Olenin,colenin4m@elegantthemes.com,Female
168,Tabbi,Fenny,tfenny4n@vinaora.com,Female
169,Man,MacAskie,mmacaskie4o@topsy.com,Male
170,Stormie,Lightwing,slightwing4p@nyu.edu,Female
171,Francesca,Clemmow,fclemmow4q@noaa.gov,Female
172,Neilla,Jurgenson,njurgenson4r@amazon.com,Female
173,Humfrid,Fussen,hfussen4s@yandex.ru,Male
174,Mabelle,Lowes,mlowes4t@parallels.com,Female
175,Gareth,Franciottoi,gfranciottoi4u@reference.com,Male
176,Batsheva,Geindre,bgeindre4v@go.com,Female
177,Robinet,Setterfield,rsetterfield4w@wikia.com,Male
178,Janek,Minchell,jminchell4x@fda.gov,Male
179,Harmonia,McFfaden,hmcffaden4y@newsvine.com,Female
180,Pier,Muddiman,pmuddiman4z@tinypic.com,Female
181,Blair,Keppel,bkeppel50@bloglines.com,Male
182,Lynea,Chamberlaine,lchamberlaine51@scientificamerican.com,Female
183,Tarrance,Ifill,tifill52@newyorker.com,Male
184,Tiffy,Wearne,twearne53@reverbnation.com,Female
185,Fabian,Oppy,foppy54@house.gov,Male
186,Stu,Capstick,scapstick55@bloglovin.com,Male
187,Eda,McGettigan,emcgettigan56@clickbank.net,Female
188,Terri-jo,Chugg,tchugg57@mashable.com,Female
189,Eziechiele,Whight,ewhight58@ft.com,Male
190,Shandee,Roll,sroll59@harvard.edu,Female
191,Angel,Lambourn,alambourn5a@ft.com,Male
192,Kathryn,McGreil,kmcgreil5b@friendfeed.com,Female
193,Jemmie,Moscone,jmoscone5c@bing.com,Female
194,Susannah,O'Rafferty,sorafferty5d@fotki.com,Female
195,Billy,Bloodworth,bbloodworth5e@gmpg.org,Male
196,Sabrina,Garard,sgarard5f@mashable.com,Female
197,Sile,Lightwing,slightwing5g@yandex.ru,Female
198,Bowie,Reek,breek5h@yahoo.com,Male
199,Ignacio,McShee,imcshee5i@technorati.com,Male
200,Skippy,Kneafsey,skneafsey5j@theatlantic.com,Male
201,Simon,Oxenden,soxenden5k@domainmarket.com,Male
202,Oswald,Fowls,ofowls5l@va.gov,Male
203,Tatiania,Bourtoumieux,tbourtoumieux5m@pinterest.com,Female
204,Cornie,Dosedale,cdosedale5n@shareasale.com,Male
205,Glennie,Timmes,gtimmes5o@creativecommons.org,Female
206,Tamas,Gadd,tgadd5p@webeden.co.uk,Male
207,Suzie,Whapham,swhapham5q@apple.com,Female
208,Leyla,Gillson,lgillson5r@icio.us,Female
209,Xylina,Gurton,xgurton5s@gizmodo.com,Female
210,Karoly,Duffan,kduffan5t@mashable.com,Female
211,Lynnea,Canedo,lcanedo5u@arizona.edu,Female
212,Andre,Tarbath,atarbath5v@va.gov,Male
213,Ravi,Mateev,rmateev5w@altervista.org,Male
214,Myrle,Peele,mpeele5x@netscape.com,Female
215,Pascal,Boner,pboner5y@apple.com,Male
216,Valry,Barclay,vbarclay5z@ebay.co.uk,Female
217,Eleanor,Cantrell,ecantrell60@ezinearticles.com,Female
218,Saleem,Iacomo,siacomo61@ca.gov,Male
219,Helli,Mattingly,hmattingly62@google.ru,Female
220,Matthus,Marcombe,mmarcombe63@dell.com,Male
221,Charil,Rougier,crougier64@baidu.com,Female
222,Luca,Kettlestringe,lkettlestringe65@goodreads.com,Male
223,Lainey,Lissaman,llissaman66@intel.com,Female
224,Timothea,Puckey,tpuckey67@who.int,Female
225,Leonard,Grzelczak,lgrzelczak68@walmart.com,Male
226,Janeva,Scraggs,jscraggs69@hubpages.com,Female
227,Nicholle,Anders,nanders6a@fda.gov,Female
228,Trev,Fryd,tfryd6b@prnewswire.com,Male
229,Dee,Flannigan,dflannigan6c@msu.edu,Female
230,Debby,Cakebread,dcakebread6d@ucoz.ru,Female
231,Haze,Chinnock,hchinnock6e@boston.com,Male
232,Marwin,Heiss,mheiss6f@pen.io,Male
233,Felicle,McComb,fmccomb6g@indiatimes.com,Female
234,Thoma,Jenckes,tjenckes6h@diigo.com,Male
235,Todd,Hassett,thassett6i@w3.org,Male
236,Stanwood,Albisser,salbisser6j@bloglovin.com,Male
237,Torrance,Fantin,tfantin6k@unesco.org,Male
238,Ives,MacConnechie,imacconnechie6l@businessinsider.com,Male
239,Rose,Lamden,rlamden6m@cbsnews.com,Female
240,Lezley,Halling,lhalling6n@telegraph.co.uk,Male
241,Renata,Angove,rangove6o@reuters.com,Female
242,Selena,McArd,smcard6p@google.com.br,Female
243,Cindi,Fintoph,cfintoph6q@indiatimes.com,Female
244,Donica,Schall,dschall6r@prnewswire.com,Female
245,Micah,Moar,mmoar6s@rediff.com,Male
246,Kamila,Ference,kference6t@clickbank.net,Female
247,Arlyne,Ephgrave,aephgrave6u@miitbeian.gov.cn,Female
248,Arne,Todeo,atodeo6v@sohu.com,Male
249,Paxton,Bilby,pbilby6w@slideshare.net,Male
250,Augie,Coppin,acoppin6x@usa.gov,Male
251,Myles,Dymott,mdymott6y@umn.edu,Male
252,Kyle,MacFayden,kmacfayden6z@ning.com,Male
253,Jeremias,Efford,jefford70@slate.com,Male
254,Valeria,Marchetti,vmarchetti71@bluehost.com,Female
255,Moses,Rutledge,mrutledge72@ifeng.com,Male
256,Trish,Bamforth,tbamforth73@sitemeter.com,Female
257,Jens,Kirtley,jkirtley74@dot.gov,Male
258,Kristy,Dohms,kdohms75@mail.ru,Female
259,Karly,Bletso,kbletso76@imgur.com,Female
260,Thom,Fell,tfell77@businessinsider.com,Male
261,Morgun,Janak,mjanak78@jimdo.com,Male
262,Jackie,Harker,jharker79@redcross.org,Male
263,Elset,Morgans,emorgans7a@digg.com,Female
264,Opal,De Vuyst,odevuyst7b@abc.net.au,Female
265,Tremaine,Hollyard,thollyard7c@deviantart.com,Male
266,Alfie,Fitzsimmons,afitzsimmons7d@uiuc.edu,Male
267,Griffith,Allenson,gallenson7e@guardian.co.uk,Male
268,Kathryne,Massen,kmassen7f@marketwatch.com,Female
269,Cross,Blackwell,cblackwell7g@google.com.br,Male
270,Kaylee,Southerns,ksoutherns7h@pinterest.com,Female
271,Honoria,Mouse,hmouse7i@cnn.com,Female
272,Terrance,Van Der Weedenburg,tvanderweedenburg7j@ca.gov,Male
273,Gianni,Lokier,glokier7k@opera.com,Male
274,Hubert,Chancellor,hchancellor7l@addthis.com,Male
275,Bax,Swansbury,bswansbury7m@shutterfly.com,Male
276,Lind,Vagges,lvagges7n@intel.com,Male
277,Joyan,Barrett,jbarrett7o@blinklist.com,Female
278,Cristal,Woodthorpe,cwoodthorpe7p@usgs.gov,Female
279,Priscilla,Welburn,pwelburn7q@opera.com,Female
280,Reinwald,Vallentin,rvallentin7r@canalblog.com,Male
281,Crin,Gatley,cgatley7s@shareasale.com,Female
282,Gianni,Rowler,growler7t@comcast.net,Male
283,Allard,Benadette,abenadette7u@tinypic.com,Male
284,Eugenius,Neylan,eneylan7v@pinterest.com,Male
285,Carey,Rosenauer,crosenauer7w@princeton.edu,Male
286,Michael,Lampett,mlampett7x@lulu.com,Male
287,Britt,Brogiotti,bbrogiotti7y@foxnews.com,Male
288,Donella,Dodshon,ddodshon7z@noaa.gov,Female
289,Carley,Sim,csim80@usatoday.com,Female
290,Graehme,Dargue,gdargue81@ebay.com,Male
291,Lannie,Nettles,lnettles82@cisco.com,Male
292,Leslie,Andren,landren83@mysql.com,Female
293,Clarissa,Amphlett,camphlett84@liveinternet.ru,Female
294,Paquito,Severs,psevers85@aboutads.info,Male
295,Vittorio,Gudeman,vgudeman86@t.co,Male
296,Paule,Doull,pdoull87@mysql.com,Female
297,Douglas,Astlet,dastlet88@topsy.com,Male
298,Salem,Scrancher,sscrancher89@wix.com,Male
299,Ryley,Rodway,rrodway8a@illinois.edu,Male
300,Grayce,Pietasch,gpietasch8b@jimdo.com,Female
301,Genny,Simionescu,gsimionescu8c@tuttocitta.it,Female
302,Hansiain,MacNeilly,hmacneilly8d@weebly.com,Male
303,Andre,Hobbing,ahobbing8e@sfgate.com,Male
304,Violante,Frane,vfrane8f@cyberchimps.com,Female
305,Martguerita,Wardingley,mwardingley8g@netscape.com,Female
306,Ogdon,McCalister,omccalister8h@shop-pro.jp,Male
307,Dimitri,Pendle,dpendle8i@mit.edu,Male
308,Jaclin,Edyson,jedyson8j@google.co.jp,Female
309,Isak,Brenton,ibrenton8k@so-net.ne.jp,Male
310,Joshia,Larimer,jlarimer8l@marketwatch.com,Male
311,Othelia,Pounder,opounder8m@deviantart.com,Female
312,Bord,Phinnis,bphinnis8n@ftc.gov,Male
313,Em,Carman,ecarman8o@engadget.com,Male
314,Horacio,Yarmouth,hyarmouth8p@vimeo.com,Male
315,Elbertine,Jansey,ejansey8q@51.la,Female
316,Alida,Piatto,apiatto8r@dailymotion.com,Female
317,Thaine,Wellfare,twellfare8s@goo.ne.jp,Male
318,Alexia,Gabel,agabel8t@sbwire.com,Female
319,Bale,Luddy,bluddy8u@aol.com,Male
320,Nikolaos,Nudd,nnudd8v@dedecms.com,Male
321,Walton,Duns,wduns8w@tuttocitta.it,Male
322,Allyson,Croyden,acroyden8x@shutterfly.com,Female
323,Ilysa,Ramard,iramard8y@flickr.com,Female
324,Sena,Lansdowne,slansdowne8z@issuu.com,Female
325,Mycah,Gillan,mgillan90@businesswire.com,Male
326,Farris,Fremantle,ffremantle91@google.com.au,Male
327,Ravid,Chicco,rchicco92@twitter.com,Male
328,Willie,Prazor,wprazor93@yellowbook.com,Male
329,Bebe,Euston,beuston94@latimes.com,Female
330,Sherill,Bickerton,sbickerton95@topsy.com,Female
331,Alfonse,Silverthorne,asilverthorne96@aboutads.info,Male
332,Nicolais,Bruhke,nbruhke97@ning.com,Male
333,Donny,Basire,dbasire98@npr.org,Female
334,Heddi,Pordal,hpordal99@si.edu,Female
335,Brander,Belcham,bbelcham9a@nsw.gov.au,Male
336,Vonny,Chell,vchell9b@huffingtonpost.com,Female
337,Sarena,Kinnen,skinnen9c@nba.com,Female
338,Theresa,Salisbury,tsalisbury9d@techcrunch.com,Female
339,Candra,Mallatratt,cmallatratt9e@pbs.org,Female
340,Candice,Davenhall,cdavenhall9f@samsung.com,Female
341,Brooke,Sumner,bsumner9g@wix.com,Male
342,Burton,Oxford,boxford9h@stumbleupon.com,Male
343,Thoma,Corah,tcorah9i@springer.com,Male
344,Clem,Gynni,cgynni9j@e-recht24.de,Male
345,Rinaldo,Flaune,rflaune9k@biglobe.ne.jp,Male
346,Amye,Gleadhell,agleadhell9l@scribd.com,Female
347,Xever,Amoore,xamoore9m@unesco.org,Male
348,Scottie,Roycroft,sroycroft9n@theatlantic.com,Male
349,Hewitt,Blinco,hblinco9o@cdbaby.com,Male
350,Sacha,McGrey,smcgrey9p@ibm.com,Female
351,Carie,Bucksey,cbucksey9q@miibeian.gov.cn,Female
352,Robinet,Fleet,rfleet9r@amazon.co.jp,Male
353,Erika,Elldred,eelldred9s@topsy.com,Female
354,Hymie,Lampens,hlampens9t@mapy.cz,Male
355,Sholom,Joselevitch,sjoselevitch9u@usgs.gov,Male
356,Martyn,Elie,melie9v@weebly.com,Male
357,Templeton,Duester,tduester9w@quantcast.com,Male
358,Davis,Murt,dmurt9x@msn.com,Male
359,Madelaine,Vasyanin,mvasyanin9y@newsvine.com,Female
360,Mabelle,Pallatina,mpallatina9z@eventbrite.com,Female
361,Jobina,Winters,jwintersa0@umn.edu,Female
362,Daren,Ginnety,dginnetya1@ed.gov,Male
363,Shana,Bukowski,sbukowskia2@cnbc.com,Female
364,Geri,Govier,ggoviera3@nytimes.com,Male
365,Leroy,Kinworthy,lkinworthya4@infoseek.co.jp,Male
366,Arleyne,Brambill,abrambilla5@google.com.hk,Female
367,Natala,Philipson,nphilipsona6@npr.org,Female
368,Renaud,Sends,rsendsa7@privacy.gov.au,Male
369,Vonni,Duchesne,vduchesnea8@deviantart.com,Female
370,Baillie,Callender,bcallendera9@java.com,Male
371,Mart,Korfmann,mkorfmannaa@loc.gov,Male
372,Jolie,Kennefick,jkennefickab@ning.com,Female
373,Kincaid,Alesio,kalesioac@behance.net,Male
374,Eden,L'Episcopio,elepiscopioad@last.fm,Female
375,Marcille,Vogel,mvogelae@chron.com,Female
376,Chaunce,Sextie,csextieaf@npr.org,Male
377,Obie,Gallegos,ogallegosag@blogtalkradio.com,Male
378,Dar,Cornall,dcornallah@myspace.com,Male
379,Livvy,Girdlestone,lgirdlestoneai@craigslist.org,Female
380,Cammy,Purple,cpurpleaj@bing.com,Male
381,King,Garnsworth,kgarnsworthak@admin.ch,Male
382,Nanon,Haet,nhaetal@360.cn,Female
383,Tito,Sketh,tsketham@patch.com,Male
384,Wallache,Garlicke,wgarlickean@ted.com,Male
385,Aldous,MacKellar,amackellarao@apple.com,Male
386,Johny,Perton,jpertonap@berkeley.edu,Male
387,Sean,Bauman,sbaumanaq@bing.com,Female
388,Reynold,Spacey,rspaceyar@netscape.com,Male
389,Rosalind,Cooney,rcooneyas@twitter.com,Female
390,Terrel,Linnane,tlinnaneat@github.io,Male
391,Barrie,Caddan,bcaddanau@artisteer.com,Male
392,Gery,Minero,gmineroav@sfgate.com,Male
393,Christine,Dhenin,cdheninaw@indiegogo.com,Female
394,Gun,Hart,ghartax@delicious.com,Male
395,Tana,Crump,tcrumpay@bloglovin.com,Female
396,Lia,Spoward,lspowardaz@ox.ac.uk,Female
397,Stirling,Cuttler,scuttlerb0@nydailynews.com,Male
398,Erhart,Betje,ebetjeb1@skyrock.com,Male
399,Elwira,Halsall,ehalsallb2@columbia.edu,Female
400,Shurlocke,Hills,shillsb3@psu.edu,Male
401,Whitney,Hofler,whoflerb4@fema.gov,Female
402,Kristian,Giovannini,kgiovanninib5@hubpages.com,Male
403,Eustace,Burk,eburkb6@edublogs.org,Male
404,Merrill,Grocott,mgrocottb7@4shared.com,Female
405,Lesya,O'Dowd,lodowdb8@nbcnews.com,Female
406,Joey,Heakins,jheakinsb9@ucsd.edu,Male
407,Katalin,Backman,kbackmanba@123-reg.co.uk,Female
408,Jaime,Fomichkin,jfomichkinbb@ebay.co.uk,Male
409,Magdalene,Hruska,mhruskabc@scientificamerican.com,Female
410,Paige,Kewley,pkewleybd@google.co.jp,Male
411,Coral,Carwardine,ccarwardinebe@seesaa.net,Female
412,Veronike,Levinge,vlevingebf@xrea.com,Female
413,Johnathan,Kepling,jkeplingbg@epa.gov,Male
414,Marcela,Emons,memonsbh@cpanel.net,Female
415,Cecilius,Emmer,cemmerbi@sciencedirect.com,Male
416,Alano,Dahl,adahlbj@nature.com,Male
417,Elka,McDaid,emcdaidbk@soundcloud.com,Female
418,Zola,Manuelli,zmanuellibl@wix.com,Female
419,Kermy,McGeouch,kmcgeouchbm@bloglovin.com,Male
420,Camille,Kilfeder,ckilfederbn@sfgate.com,Female
421,Errol,Humphery,ehumpherybo@yandex.ru,Male
422,Krishna,Sorey,ksoreybp@fotki.com,Male
423,Ban,Hamsher,bhamsherbq@home.pl,Male
424,Consalve,Caney,ccaneybr@ameblo.jp,Male
425,Rog,Agus,ragusbs@tinypic.com,Male
426,Bobbee,Comettoi,bcomettoibt@thetimes.co.uk,Female
427,Zita,Bolden,zboldenbu@archive.org,Female
428,Hunt,Duffield,hduffieldbv@topsy.com,Male
429,Aloin,Lusty,alustybw@auda.org.au,Male
430,Gaven,Schuler,gschulerbx@geocities.com,Male
431,Talya,Tallman,ttallmanby@homestead.com,Female
432,Addy,Northrop,anorthropbz@mtv.com,Male
433,Persis,Halfhide,phalfhidec0@shareasale.com,Female
434,Marcia,Huygens,mhuygensc1@discovery.com,Female
435,Vere,Woodger,vwoodgerc2@narod.ru,Female
436,Stephani,Grigorini,sgrigorinic3@timesonline.co.uk,Female
437,Catlaina,Sympson,csympsonc4@spiegel.de,Female
438,Germayne,Larner,glarnerc5@google.com,Male
439,Lidia,Todaro,ltodaroc6@ehow.com,Female
440,Olenolin,Daouze,odaouzec7@cdbaby.com,Male
441,Shane,Guerro,sguerroc8@squidoo.com,Male
442,Vasily,Carwithan,vcarwithanc9@amazon.com,Male
443,Arni,Goodge,agoodgeca@vkontakte.ru,Male
444,Ingra,Devlin,idevlincb@mail.ru,Male
445,Kendall,Crump,kcrumpcc@hibu.com,Male
446,Jdavie,Treadgear,jtreadgearcd@irs.gov,Male
447,Alejandro,Vasiltsov,avasiltsovce@oracle.com,Male
448,Agosto,Foreman,aforemancf@google.ca,Male
449,Marlena,Tenny,mtennycg@bbb.org,Female
450,Oren,Bradshaw,obradshawch@lycos.com,Male
451,Axel,Reeves,areevesci@blogs.com,Male
452,West,Krol,wkrolcj@digg.com,Male
453,Rubi,Wernher,rwernherck@dell.com,Female
454,Sasha,Kelledy,skelledycl@multiply.com,Female
455,Arvy,Maxfield,amaxfieldcm@dailymotion.com,Male
456,Pietra,Sharphurst,psharphurstcn@lulu.com,Female
457,Wiley,Kimbrough,wkimbroughco@odnoklassniki.ru,Male
458,Curran,Nugent,cnugentcp@bigcartel.com,Male
459,Ollie,Easterbrook,oeasterbrookcq@devhub.com,Male
460,Adelheid,McIlhatton,amcilhattoncr@dyndns.org,Female
461,Cullin,Wildman,cwildmancs@joomla.org,Male
462,Alys,Clemonts,aclemontsct@istockphoto.com,Female
463,Libby,Yakushkev,lyakushkevcu@shutterfly.com,Female
464,Jamie,Fancutt,jfancuttcv@mozilla.com,Female
465,Leif,Sergison,lsergisoncw@wisc.edu,Male
466,Cherianne,Stilgo,cstilgocx@gnu.org,Female
467,Josy,Mosedall,jmosedallcy@yahoo.com,Female
468,Debor,Chellam,dchellamcz@intel.com,Female
469,Gretel,Fowlds,gfowldsd0@stanford.edu,Female
470,Henrik,Casellas,hcasellasd1@ft.com,Male
471,Sidnee,Ledeker,sledekerd2@jimdo.com,Male
472,Alistair,Mawson,amawsond3@addthis.com,Male
473,Carlyn,Sonner,csonnerd4@ftc.gov,Female
474,Drusy,Enos,denosd5@wisc.edu,Female
475,Nelia,Scotchmur,nscotchmurd6@marketwatch.com,Female
476,Giselle,Fullilove,gfulliloved7@indiegogo.com,Female
477,Carie,Mattiassi,cmattiassid8@cbslocal.com,Female
478,Jobye,Dabes,jdabesd9@dailymail.co.uk,Female
479,Ginger,Wenban,gwenbanda@webnode.com,Male
480,Clementine,Gillopp,cgilloppdb@sfgate.com,Female
481,Egan,Mumbray,emumbraydc@bbb.org,Male
482,Ardenia,Swedeland,aswedelanddd@archive.org,Female
483,Buiron,Penquet,bpenquetde@discovery.com,Male
484,Kim,Marco,kmarcodf@home.pl,Male
485,Emmi,Shortall,eshortalldg@ca.gov,Female
486,Luther,Farmar,lfarmardh@twitpic.com,Male
487,Dawn,Denyakin,ddenyakindi@nps.gov,Female
488,Pace,Aleksidze,paleksidzedj@whitehouse.gov,Male
489,Carlynn,Purselow,cpurselowdk@xinhuanet.com,Female
490,Ivar,Clacey,iclaceydl@pen.io,Male
491,Estel,Tomalin,etomalindm@princeton.edu,Female
492,Celinka,Mullender,cmullenderdn@globo.com,Female
493,Godfry,Micheu,gmicheudo@scribd.com,Male
494,Harrietta,Authers,hauthersdp@is.gd,Female
495,Lira,Gilding,lgildingdq@taobao.com,Female
496,Johnette,Ciabatteri,jciabatteridr@jalbum.net,Female
497,Flora,Ducarne,fducarneds@weebly.com,Female
498,Craggy,Codlin,ccodlindt@ning.com,Male
499,Hedda,Cowope,hcowopedu@weibo.com,Female
500,Anabel,Lerego,aleregodv@bloglovin.com,Female
501,Saree,Lembcke,slembckedw@tuttocitta.it,Female
502,Graehme,Truder,gtruderdx@wp.com,Male
503,Katerina,Whiffin,kwhiffindy@sourceforge.net,Female
504,Ashley,Hornig,ahornigdz@yellowpages.com,Female
505,Vance,Meiklejohn,vmeiklejohne0@t-online.de,Male
506,Luciano,Skey,lskeye1@adobe.com,Male
507,Debbie,Amor,damore2@ucoz.com,Female
508,Mara,Thornebarrow,mthornebarrowe3@mail.ru,Female
509,Nikolia,Ransome,nransomee4@salon.com,Female
510,Kikelia,Durden,kdurdene5@pagesperso-orange.fr,Female
511,Thorpe,Siviter,tsivitere6@earthlink.net,Male
512,Rakel,Hamer,rhamere7@blogger.com,Female
513,Rebeca,Gobat,rgobate8@icio.us,Female
514,Bertie,Angelini,bangelinie9@nasa.gov,Female
515,Stanly,Ceci,sceciea@domainmarket.com,Male
516,Frederich,Chimenti,fchimentieb@home.pl,Male
517,Royce,Robers,rrobersec@reverbnation.com,Male
518,Truda,Roddell,troddelled@xinhuanet.com,Female
519,Dyanna,Headrick,dheadrickee@mapquest.com,Female
520,Rosella,McDonogh,rmcdonoghef@google.it,Female
521,Yulma,Dugget,yduggeteg@about.com,Male
522,Theodor,Burder,tburdereh@engadget.com,Male
523,Delila,Durrand,ddurrandei@fotki.com,Female
524,Vernon,Bramsen,vbramsenej@over-blog.com,Male
525,Ammamaria,Trueman,atruemanek@nsw.gov.au,Female
526,Rochester,Richard,rrichardel@mediafire.com,Male
527,Gian,Chidley,gchidleyem@studiopress.com,Male
528,Craggie,Ide,cideen@apple.com,Male
529,Frances,Stile,fstileeo@sciencedirect.com,Female
530,Jessamyn,Harrinson,jharrinsonep@shop-pro.jp,Female
531,Lynde,Dayer,ldayereq@webeden.co.uk,Female
532,Vern,Gaines,vgaineser@answers.com,Male
533,Grannie,Collis,gcollises@vinaora.com,Male
534,Yvonne,Rosengren,yrosengrenet@nyu.edu,Female
535,Katrina,Howes,khoweseu@chron.com,Female
536,Marne,Rickeard,mrickeardev@livejournal.com,Female
537,Fay,Ricoald,fricoaldew@hibu.com,Female
538,Margot,Greengrass,mgreengrassex@uol.com.br,Female
539,Farr,Dafforne,fdafforneey@blinklist.com,Male
540,Florry,Jeremaes,fjeremaesez@gizmodo.com,Female
541,Patti,Boanas,pboanasf0@indiegogo.com,Female
542,Felipe,Kitchinham,fkitchinhamf1@example.com,Male
543,Jenine,Cameli,jcamelif2@joomla.org,Female
544,Leilah,Bartlett,lbartlettf3@ca.gov,Female
545,Kelila,Brookz,kbrookzf4@chron.com,Female
546,Anastasie,McMorran,amcmorranf5@go.com,Female
547,Stearne,Connett,sconnettf6@shop-pro.jp,Male
548,Lizbeth,Goodfield,lgoodfieldf7@cmu.edu,Female
549,Jonis,Pryde,jprydef8@diigo.com,Female
550,Malorie,Pickett,mpickettf9@irs.gov,Female
551,Gayler,Gashion,ggashionfa@biglobe.ne.jp,Male
552,Gavrielle,Whoston,gwhostonfb@dion.ne.jp,Female
553,Linnell,Dunne,ldunnefc@printfriendly.com,Female
554,Perry,Finessy,pfinessyfd@admin.ch,Male
555,Corinne,Dorrian,cdorrianfe@booking.com,Female
556,Loralee,Westcar,lwestcarff@time.com,Female
557,Felicio,Leicester,fleicesterfg@statcounter.com,Male
558,Ashley,Boothroyd,aboothroydfh@google.com,Female
559,Dougy,Patnelli,dpatnellifi@mayoclinic.com,Male
560,Leese,Pepperd,lpepperdfj@telegraph.co.uk,Female
561,Jinny,Tryme,jtrymefk@blog.com,Female
562,Toinette,Bosse,tbossefl@hubpages.com,Female
563,Torry,Packwood,tpackwoodfm@cisco.com,Male
564,Kerrill,Keady,kkeadyfn@samsung.com,Female
565,Jere,McPhillips,jmcphillipsfo@deliciousdays.com,Female
566,Gaston,Maty,gmatyfp@dailymail.co.uk,Male
567,Adrea,Aksell,aaksellfq@uiuc.edu,Female
568,Abbot,Andrat,aandratfr@cnet.com,Male
569,Anne,Bolton,aboltonfs@jigsy.com,Female
570,Cooper,McCerery,cmccereryft@baidu.com,Male
571,Mallory,Catherine,mcatherinefu@mozilla.com,Male
572,Clair,Fadian,cfadianfv@vk.com,Male
573,Billi,Haslen,bhaslenfw@ucoz.com,Female
574,Ricki,Joddens,rjoddensfx@slideshare.net,Male
575,Athene,Blandamore,ablandamorefy@ovh.net,Female
576,Maurene,McGrowther,mmcgrowtherfz@sciencedaily.com,Female
577,Nissa,Charrington,ncharringtong0@ihg.com,Female
578,Tobiah,Merrall,tmerrallg1@woothemes.com,Male
579,Gibbie,Hockell,ghockellg2@dmoz.org,Male
580,Jessey,Kennagh,jkennaghg3@technorati.com,Male
581,Germana,Berridge,gberridgeg4@epa.gov,Female
582,Stephanus,Cristofolo,scristofolog5@npr.org,Male
583,Cleavland,Mains,cmainsg6@elegantthemes.com,Male
584,Andi,Colton,acoltong7@geocities.jp,Female
585,Kellyann,Hovey,khoveyg8@columbia.edu,Female
586,Maurizia,Glaves,mglavesg9@paginegialle.it,Female
587,Xymenes,Auston,xaustonga@sina.com.cn,Male
588,Irena,Iacomi,iiacomigb@ucoz.com,Female
589,Kendal,Eade,keadegc@cbc.ca,Male
590,Sean,Fenney,sfenneygd@goodreads.com,Male
591,Allistir,Braunston,abraunstonge@4shared.com,Male
592,Griz,Grattan,ggrattangf@deviantart.com,Male
593,Matti,Mordan,mmordangg@friendfeed.com,Female
594,Dall,Aberdalgy,daberdalgygh@indiegogo.com,Male
595,Eunice,Dilliway,edilliwaygi@mac.com,Female
596,Sky,Perico,spericogj@myspace.com,Male
597,Grady,Di Biagio,gdibiagiogk@4shared.com,Male
598,Arabel,Rawcliff,arawcliffgl@epa.gov,Female
599,Doralin,Grishelyov,dgrishelyovgm@drupal.org,Female
600,Margo,Solesbury,msolesburygn@tuttocitta.it,Female
601,Lindsy,Dauby,ldaubygo@wiley.com,Female
602,Markos,Sproat,msproatgp@foxnews.com,Male
603,Winston,Lunge,wlungegq@github.io,Male
604,Stephani,Lathee,slatheegr@scribd.com,Female
605,Buffy,Geroldi,bgeroldigs@npr.org,Female
606,Isaiah,Cushelly,icushellygt@samsung.com,Male
607,Kissee,Nowakowski,knowakowskigu@engadget.com,Female
608,Oran,Nares,onaresgv@ed.gov,Male
609,Artair,Loftie,aloftiegw@facebook.com,Male
610,Carlotta,Purnell,cpurnellgx@amazon.co.jp,Female
611,Malia,Pernell,mpernellgy@moonfruit.com,Female
612,Donelle,Hamnett,dhamnettgz@umn.edu,Female
613,Hunt,Birden,hbirdenh0@prlog.org,Male
614,Niel,Furmage,nfurmageh1@psu.edu,Male
615,Goraud,Cockhill,gcockhillh2@dmoz.org,Male
616,Willette,Flott,wflotth3@sina.com.cn,Female
617,Josiah,Remirez,jremirezh4@gizmodo.com,Male
618,Karlis,Khalid,kkhalidh5@photobucket.com,Male
619,Wakefield,Arnett,warnetth6@accuweather.com,Male
620,Guillemette,Ikringill,gikringillh7@eventbrite.com,Female
621,Theresa,O'Hanlon,tohanlonh8@utexas.edu,Female
622,Boycie,Iddison,biddisonh9@dyndns.org,Male
623,Moria,Dewitt,mdewittha@stanford.edu,Female
624,Marie-ann,Larkworthy,mlarkworthyhb@dyndns.org,Female
625,Frankie,Clemmey,fclemmeyhc@princeton.edu,Female
626,Michael,Nutley,mnutleyhd@usgs.gov,Male
627,Johann,Capin,jcapinhe@netvibes.com,Male
628,Carlos,O'Dyvoie,codyvoiehf@storify.com,Male
629,Carling,Yurasov,cyurasovhg@nasa.gov,Male
630,Leese,Antonucci,lantonuccihh@apache.org,Female
631,Maryl,Ingamells,mingamellshi@nhs.uk,Female
632,Ethyl,McMeeking,emcmeekinghj@mozilla.com,Female
633,Licha,Greaterex,lgreaterexhk@facebook.com,Female
634,Corrie,Kiddie,ckiddiehl@tinypic.com,Female
635,Gabbie,Bythell,gbythellhm@virginia.edu,Male
636,Deck,Letchford,dletchfordhn@parallels.com,Male
637,Gerardo,Bourget,gbourgetho@tripod.com,Male
638,Audi,Willmett,awillmetthp@gravatar.com,Female
639,Dewie,Cogdell,dcogdellhq@is.gd,Male
640,Caitrin,Pryde,cprydehr@godaddy.com,Female
641,Carter,Pottes,cpotteshs@independent.co.uk,Male
642,Jecho,Crellin,jcrellinht@gmpg.org,Male
643,Simona,Jahnisch,sjahnischhu@hatena.ne.jp,Female
644,Wiatt,Tessington,wtessingtonhv@hud.gov,Male
645,Larissa,Patton,lpattonhw@squarespace.com,Female
646,Claribel,Turl,cturlhx@dion.ne.jp,Female
647,Walker,Scutching,wscutchinghy@youtu.be,Male
648,Dennet,Giampietro,dgiampietrohz@51.la,Male
649,Farlee,D'Enrico,fdenricoi0@parallels.com,Male
650,Forrest,MacGown,fmacgowni1@nymag.com,Male
651,Lucilia,Poxon,lpoxoni2@gizmodo.com,Female
652,Heindrick,Parslow,hparslowi3@barnesandnoble.com,Male
653,Larina,Drane,ldranei4@ezinearticles.com,Female
654,Padraig,Cops,pcopsi5@comsenz.com,Male
655,Kariotta,Peploe,kpeploei6@pagesperso-orange.fr,Female
656,Nady,Fenich,nfenichi7@craigslist.org,Female
657,Ogdon,Colleford,ocollefordi8@1und1.de,Male
658,Gilburt,Dossantos,gdossantosi9@dot.gov,Male
659,Dukey,Bartolic,dbartolicia@drupal.org,Male
660,Chaddy,Roycraft,croycraftib@ftc.gov,Male
661,Kain,Taggerty,ktaggertyic@google.fr,Male
662,Vincenz,Rettie,vrettieid@technorati.com,Male
663,Jeff,Shovlar,jshovlarie@cdbaby.com,Male
664,Bernita,Cordobes,bcordobesif@guardian.co.uk,Female
665,Georgianna,Duesbury,gduesburyig@g.co,Female
666,Aurelie,Semour,asemourih@admin.ch,Female
667,Hussein,Proud,hproudii@noaa.gov,Male
668,Keven,Heads,kheadsij@businesswire.com,Male
669,Bryce,Towell,btowellik@reddit.com,Male
670,Augusto,Allot,aallotil@china.com.cn,Male
671,Obediah,Eastway,oeastwayim@jigsy.com,Male
672,Noni,Errigo,nerrigoin@prlog.org,Female
673,Albie,Soppit,asoppitio@java.com,Male
674,Yulma,Maskell,ymaskellip@google.com.hk,Male
675,Della,Scarasbrick,dscarasbrickiq@earthlink.net,Female
676,Lin,Arton,lartonir@stanford.edu,Male
677,Rutter,Briston,rbristonis@dyndns.org,Male
678,Forrester,Labadini,flabadiniit@disqus.com,Male
679,Ewen,St Clair,estclairiu@webeden.co.uk,Male
680,Alonso,Cowen,acoweniv@baidu.com,Male
681,Moise,Prowse,mprowseiw@unc.edu,Male
682,Howey,Adderson,haddersonix@hud.gov,Male
683,Zulema,Vergine,zvergineiy@wired.com,Female
684,Barry,Bim,bbimiz@digg.com,Female
685,Kesley,Shawyer,kshawyerj0@msu.edu,Female
686,Clerc,O'Mannion,comannionj1@comcast.net,Male
687,Chip,Jedraszek,cjedraszekj2@51.la,Male
688,Kip,Gain,kgainj3@tripod.com,Male
689,Albert,Belly,abellyj4@hugedomains.com,Male
690,Barn,Carnier,bcarnierj5@chicagotribune.com,Male
691,Annadiana,Raitie,araitiej6@photobucket.com,Female
692,Seana,Wiggall,swiggallj7@cnbc.com,Female
693,Natalee,Blanko,nblankoj8@ucoz.ru,Female
694,Ravid,Downage,rdownagej9@ow.ly,Male
695,Trip,Skyme,tskymeja@altervista.org,Male
696,Arnold,Carlone,acarlonejb@bluehost.com,Male
697,Hugh,Pariss,hparissjc@miibeian.gov.cn,Male
698,Tomas,Klauber,tklauberjd@seesaa.net,Male
699,Charmion,Flude,cfludeje@vimeo.com,Female
700,Delmer,Schall,dschalljf@ox.ac.uk,Male
701,Elfreda,MacPherson,emacphersonjg@cloudflare.com,Female
702,Mason,Tremolieres,mtremolieresjh@devhub.com,Male
703,Rafi,Simounet,rsimounetji@pcworld.com,Male
704,Finlay,Gobel,fgobeljj@flavors.me,Male
705,Madonna,Nayer,mnayerjk@wikispaces.com,Female
706,Rebecka,Gwyer,rgwyerjl@mapquest.com,Female
707,Fayre,Lawton,flawtonjm@youku.com,Female
708,Tobe,Gaisford,tgaisfordjn@ovh.net,Male
709,Tadeo,Ferrucci,tferruccijo@quantcast.com,Male
710,Nancey,Bernard,nbernardjp@cbslocal.com,Female
711,Brade,Flippini,bflippinijq@plala.or.jp,Male
712,Hailey,Ridde,hriddejr@apache.org,Male
713,Reginald,Pallister,rpallisterjs@ycombinator.com,Male
714,Stanislaw,De Mitris,sdemitrisjt@hhs.gov,Male
715,Aubree,Buff,abuffju@scientificamerican.com,Female
716,Kristoforo,Fowls,kfowlsjv@hud.gov,Male
717,Page,Bolstridge,pbolstridgejw@cornell.edu,Male
718,Timmie,Rosenberg,trosenbergjx@deviantart.com,Male
719,Filmore,Wrankling,fwranklingjy@earthlink.net,Male
720,Dari,Schirok,dschirokjz@pen.io,Female
721,Alessandra,Ruhben,aruhbenk0@businessweek.com,Female
722,Kizzee,Rickerby,krickerbyk1@epa.gov,Female
723,Arline,Woolger,awoolgerk2@icq.com,Female
724,Mireille,Dingate,mdingatek3@indiatimes.com,Female
725,Eugenio,Charette,echarettek4@wix.com,Male
726,Shanta,Normanell,snormanellk5@epa.gov,Female
727,Stephani,Charpling,scharplingk6@vinaora.com,Female
728,Verge,Peat,vpeatk7@bbb.org,Male
729,Faina,Pirot,fpirotk8@dailymotion.com,Female
730,Clarabelle,Lindwall,clindwallk9@google.ca,Female
731,Miran,Smallcombe,msmallcombeka@dailymail.co.uk,Female
732,Haydon,Bouette,hbouettekb@lulu.com,Male
733,Bary,Gilgryst,bgilgrystkc@comsenz.com,Male
734,Benito,Lerwill,blerwillkd@bloglines.com,Male
735,Yuma,McCroary,ymccroaryke@bing.com,Male
736,Jodi,Synan,jsynankf@ucoz.ru,Male
737,Dynah,Goseling,dgoselingkg@java.com,Female
738,Elvera,Strass,estrasskh@joomla.org,Female
739,Diarmid,Pyner,dpynerki@51.la,Male
740,Garret,Digwood,gdigwoodkj@amazon.co.uk,Male
741,Lauren,Mettetal,lmettetalkk@prlog.org,Male
742,Drucy,Keave,dkeavekl@sciencedaily.com,Female
743,Jacques,Markel,jmarkelkm@meetup.com,Male
744,Phedra,Patterson,ppattersonkn@seesaa.net,Female
745,Brenden,Rihanek,brihanekko@gov.uk,Male
746,Stavros,Ivey,siveykp@facebook.com,Male
747,Ronni,Swadon,rswadonkq@networkadvertising.org,Female
748,Kariotta,Joscelyne,kjoscelynekr@hatena.ne.jp,Female
749,Denney,Bourges,dbourgesks@wired.com,Male
750,Anny,Boocock,aboocockkt@google.nl,Female
751,Cherin,Schankel,cschankelku@scribd.com,Female
752,Daisey,Dilliway,ddilliwaykv@tinyurl.com,Female
753,Gypsy,Anthill,ganthillkw@time.com,Female
754,Clemmie,McGeouch,cmcgeouchkx@hp.com,Female
755,Trescha,Cressar,tcressarky@seesaa.net,Female
756,Blanche,Perelli,bperellikz@spiegel.de,Female
757,Lin,MacWilliam,lmacwilliaml0@quantcast.com,Male
758,Norrie,Cobbe,ncobbel1@jiathis.com,Male
759,Abbey,Plose,aplosel2@networksolutions.com,Male
760,Justinn,Normington,jnormingtonl3@posterous.com,Female
761,Elfreda,Wooller,ewoollerl4@xinhuanet.com,Female
762,Alikee,Branscombe,abranscombel5@google.cn,Female
763,Engracia,Cullivan,ecullivanl6@pagesperso-orange.fr,Female
764,Codie,Kyncl,ckyncll7@tuttocitta.it,Female
765,Brittne,Wolfinger,bwolfingerl8@wikispaces.com,Female
766,Idelle,Mordey,imordeyl9@zdnet.com,Female
767,Winnie,Dunstan,wdunstanla@chicagotribune.com,Female
768,Birdie,Grishenkov,bgrishenkovlb@howstuffworks.com,Female
769,Lidia,Gliddon,lgliddonlc@shareasale.com,Female
770,Cicely,Siddons,csiddonsld@sourceforge.net,Female
771,Madelyn,Weerdenburg,mweerdenburgle@bravesites.com,Female
772,Kory,Drohan,kdrohanlf@comcast.net,Male
773,Valentine,Gillino,vgillinolg@domainmarket.com,Male
774,Beverly,Shanklin,bshanklinlh@addthis.com,Female
775,Blithe,Mardee,bmardeeli@aol.com,Female
776,Alister,McKinna,amckinnalj@nih.gov,Male
777,Laurent,Farnham,lfarnhamlk@ox.ac.uk,Male
778,Chicky,Burkhill,cburkhillll@theglobeandmail.com,Female
779,Catharina,Lanfear,clanfearlm@i2i.jp,Female
780,Hamil,Couve,hcouveln@dmoz.org,Male
781,Koralle,Noirel,knoirello@skyrock.com,Female
782,Basil,Reuss,breusslp@seattletimes.com,Male
783,Terza,Clynmans,tclynmanslq@smugmug.com,Female
784,Sherill,Agass,sagasslr@dropbox.com,Female
785,Karlotta,Rickeard,krickeardls@usgs.gov,Female
786,Maribelle,Tompkiss,mtompkisslt@plala.or.jp,Female
787,Gregory,Choak,gchoaklu@cdbaby.com,Male
788,Germaine,Balasini,gbalasinilv@xing.com,Male
789,Reagen,Krysztofowicz,rkrysztofowiczlw@flavors.me,Male
790,Sarena,Cluckie,scluckielx@japanpost.jp,Female
791,Cecil,Edmonds,cedmondsly@cbc.ca,Female
792,Olav,Rebanks,orebankslz@omniture.com,Male
793,Ramon,Dobbs,rdobbsm0@foxnews.com,Male
794,Conrade,Climson,cclimsonm1@typepad.com,Male
795,Sherline,Wittke,swittkem2@baidu.com,Female
796,Hazlett,Jurs,hjursm3@state.gov,Male
797,Casi,Leyshon,cleyshonm4@photobucket.com,Female
798,Matilda,Marvin,mmarvinm5@telegraph.co.uk,Female
799,Irvin,Hocking,ihockingm6@virginia.edu,Male
800,Trixy,Jerrams,tjerramsm7@twitpic.com,Female
801,Isa,Pietersen,ipietersenm8@posterous.com,Male
802,Joyous,Glencrosche,jglencroschem9@hubpages.com,Female
803,Towny,Whithorn,twhithornma@guardian.co.uk,Male
804,Job,Pires,jpiresmb@cocolog-nifty.com,Male
805,Johnny,Firpo,jfirpomc@bbc.co.uk,Male
806,Yankee,Dougliss,ydouglissmd@bing.com,Male
807,Worthy,Breitling,wbreitlingme@myspace.com,Male
808,Hurlee,Bichard,hbichardmf@posterous.com,Male
809,Novelia,Cobain,ncobainmg@timesonline.co.uk,Female
810,Dene,Wrangle,dwranglemh@cargocollective.com,Male
811,Perrine,Micco,pmiccomi@craigslist.org,Female
812,Thornie,McMenamin,tmcmenaminmj@cnn.com,Male
813,Rickie,Medland,rmedlandmk@dailymotion.com,Male
814,Dwight,Twelvetree,dtwelvetreeml@spotify.com,Male
815,Chiarra,Enriques,cenriquesmm@typepad.com,Female
816,Prue,Blasgen,pblasgenmn@moonfruit.com,Female
817,Andrey,Michiel,amichielmo@abc.net.au,Male
818,Mufinella,Scullard,mscullardmp@sitemeter.com,Female
819,Vivia,Barg,vbargmq@i2i.jp,Female
820,Levi,Kyston,lkystonmr@blogger.com,Male
821,Thorvald,Kentish,tkentishms@shinystat.com,Male
822,Joela,Toe,jtoemt@cbslocal.com,Female
823,Fidole,Tieman,ftiemanmu@so-net.ne.jp,Male
824,Rodi,Columbine,rcolumbinemv@soundcloud.com,Female
825,Junia,Bedbrough,jbedbroughmw@foxnews.com,Female
826,Vaughan,Tanswell,vtanswellmx@4shared.com,Male
827,Alfonso,Wayland,awaylandmy@odnoklassniki.ru,Male
828,Rabi,Sunners,rsunnersmz@storify.com,Male
829,Henka,Swigger,hswiggern0@uiuc.edu,Female
830,Junia,Birchwood,jbirchwoodn1@latimes.com,Female
831,Phebe,Offa,poffan2@google.nl,Female
832,Leoline,Plumm,lplummn3@xinhuanet.com,Female
833,Whitaker,Dominguez,wdominguezn4@census.gov,Male
834,Kermit,Worsell,kworselln5@wordpress.com,Male
835,Wylie,Dewfall,wdewfalln6@wikipedia.org,Male
836,Julius,Wilds,jwildsn7@kickstarter.com,Male
837,Cherlyn,Coverlyn,ccoverlynn8@chicagotribune.com,Female
838,Hartley,Bartholat,hbartholatn9@ucoz.com,Male
839,Maggie,Aland,malandna@who.int,Female
840,Wilt,McMichael,wmcmichaelnb@umich.edu,Male
841,Delmer,Margach,dmargachnc@slideshare.net,Male
842,Burnaby,Bedbrough,bbedbroughnd@macromedia.com,Male
843,Amabelle,Satford,asatfordne@buzzfeed.com,Female
844,Agathe,Branford,abranfordnf@umn.edu,Female
845,Iosep,Jiranek,ijiranekng@oracle.com,Male
846,Trumann,Ditts,tdittsnh@ocn.ne.jp,Male
847,Legra,Salleir,lsalleirni@oracle.com,Female
848,Penny,Edgehill,pedgehillnj@symantec.com,Female
849,Stephie,Beat,sbeatnk@diigo.com,Female
850,Gabi,Trayhorn,gtrayhornnl@tinypic.com,Female
851,Alexandre,Johannesson,ajohannessonnm@wisc.edu,Male
852,Roobbie,Bellworthy,rbellworthynn@gnu.org,Female
853,Sutton,Malcher,smalcherno@miitbeian.gov.cn,Male
854,Clarice,Beneix,cbeneixnp@gnu.org,Female
855,Myrvyn,Lowthorpe,mlowthorpenq@ow.ly,Male
856,Isidoro,Wheeliker,iwheelikernr@google.com.hk,Male
857,Dionis,Bossom,dbossomns@upenn.edu,Female
858,Candra,Axston,caxstonnt@sina.com.cn,Female
859,Edd,Stotherfield,estotherfieldnu@businesswire.com,Male
860,Vivia,Nulty,vnultynv@google.cn,Female
861,Katrina,Train,ktrainnw@home.pl,Female
862,Enrica,Crust,ecrustnx@dailymail.co.uk,Female
863,Avrit,Kibbee,akibbeeny@technorati.com,Female
864,Hyacinthe,Burk,hburknz@hubpages.com,Female
865,Knox,Grangier,kgrangiero0@ihg.com,Male
866,Ellissa,Benadette,ebenadetteo1@sohu.com,Female
867,Devland,Necrews,dnecrewso2@tripadvisor.com,Male
868,Elston,Muscroft,emuscrofto3@stanford.edu,Male
869,Almire,Stickells,astickellso4@alexa.com,Female
870,Katheryn,Giacobbo,kgiacobboo5@about.com,Female
871,Rubina,Jobe,rjobeo6@google.ru,Female
872,Revkah,Minthorpe,rminthorpeo7@delicious.com,Female
873,Gareth,Waldron,gwaldrono8@spiegel.de,Male
874,Lockwood,Daines,ldaineso9@europa.eu,Male
875,Rosita,Krauze,rkrauzeoa@sfgate.com,Female
876,Court,Bernhart,cbernhartob@deliciousdays.com,Male
877,Jonas,Gonthier,jgonthieroc@paypal.com,Male
878,Franchot,Lafford,flaffordod@yellowpages.com,Male
879,Conchita,Pickrill,cpickrilloe@smh.com.au,Female
880,Deva,Rawlings,drawlingsof@nsw.gov.au,Female
881,Fransisco,Scone,fsconeog@google.nl,Male
882,Jeremias,Peckham,jpeckhamoh@webs.com,Male
883,Mae,Semple,msempleoi@scientificamerican.com,Female
884,Arlyne,Spratling,aspratlingoj@ebay.co.uk,Female
885,Clive,Fyfield,cfyfieldok@china.com.cn,Male
886,Queenie,Klaussen,qklaussenol@networkadvertising.org,Female
887,Dulciana,Bainton,dbaintonom@yellowpages.com,Female
888,Berny,Skelding,bskeldingon@ovh.net,Female
889,Aylmer,Lugton,alugtonoo@walmart.com,Male
890,Clayton,Hicklingbottom,chicklingbottomop@ehow.com,Male
891,Min,Springell,mspringelloq@soundcloud.com,Female
892,Robena,Frayling,rfraylingor@addthis.com,Female
893,Emelina,Giggs,egiggsos@ucoz.ru,Female
894,Hansiain,Hardiker,hhardikerot@smugmug.com,Male
895,Courtney,Makinson,cmakinsonou@wp.com,Female
896,Gretal,Measom,gmeasomov@shinystat.com,Female
897,Anthea,Cossons,acossonsow@paginegialle.it,Female
898,Alvera,McClinton,amcclintonox@mysql.com,Female
899,Madlen,Duffyn,mduffynoy@huffingtonpost.com,Female
900,Ingelbert,Killik,ikillikoz@cbslocal.com,Male
901,Ely,Colebourn,ecolebournp0@un.org,Male
902,Regina,Claque,rclaquep1@examiner.com,Female
903,Ada,Wratten,awrattenp2@sciencedirect.com,Female
904,Alyssa,Sigfrid,asigfridp3@ted.com,Female
905,Manon,Graddon,mgraddonp4@tripod.com,Female
906,Hannis,Banane,hbananep5@cbc.ca,Female
907,Cordelia,Humphrey,chumphreyp6@is.gd,Female
908,Julienne,Peebles,jpeeblesp7@oaic.gov.au,Female
909,Pail,Gepp,pgeppp8@washington.edu,Male
910,Beverlee,Phebee,bphebeep9@networkadvertising.org,Female
911,Emelita,McConville,emcconvillepa@pagesperso-orange.fr,Female
912,Rockie,Meneghelli,rmeneghellipb@yandex.ru,Male
913,Erick,Crosland,ecroslandpc@unc.edu,Male
914,Shaw,Gideon,sgideonpd@so-net.ne.jp,Male
915,Miltie,Elsom,melsompe@digg.com,Male
916,Emmet,Weadick,eweadickpf@gravatar.com,Male
917,Sasha,Gronowe,sgronowepg@goo.ne.jp,Female
918,Jarrid,Leal,jlealph@vinaora.com,Male
919,Bernadina,Shambrook,bshambrookpi@umn.edu,Female
920,Johnny,Bartoletti,jbartolettipj@cbc.ca,Male
921,Ric,Nanetti,rnanettipk@engadget.com,Male
922,Thorndike,Bahls,tbahlspl@zimbio.com,Male
923,Brynna,Battyll,bbattyllpm@yahoo.com,Female
924,Englebert,Brazel,ebrazelpn@intel.com,Male
925,Udell,Urien,uurienpo@washingtonpost.com,Male
926,Terencio,Pieters,tpieterspp@163.com,Male
927,Russ,Croysdale,rcroysdalepq@prweb.com,Male
928,Temp,Jarville,tjarvillepr@posterous.com,Male
929,Giselle,Lockier,glockierps@uiuc.edu,Female
930,Valina,Matuskiewicz,vmatuskiewiczpt@netlog.com,Female
931,Akim,Ovitts,aovittspu@goodreads.com,Male
932,Rozanne,Georger,rgeorgerpv@jigsy.com,Female
933,Julio,Drohun,jdrohunpw@intel.com,Male
934,Obadias,Gaymar,ogaymarpx@washington.edu,Male
935,Lindsay,Baldin,lbaldinpy@indiegogo.com,Male
936,Peggi,Danbye,pdanbyepz@nih.gov,Female
937,Manda,McKenny,mmckennyq0@wufoo.com,Female
938,Nikolaos,Hunte,nhunteq1@people.com.cn,Male
939,Priscilla,Burlay,pburlayq2@ed.gov,Female
940,Archibaldo,Lewsy,alewsyq3@myspace.com,Male
941,Andee,Wallas,awallasq4@netvibes.com,Female
942,Clay,Kerford,ckerfordq5@cnet.com,Male
943,Conney,Tabrett,ctabrettq6@soup.io,Male
944,Kienan,Blesli,kblesliq7@taobao.com,Male
945,Wallis,Heavyside,wheavysideq8@google.com.br,Female
946,Elsworth,Nickoles,enickolesq9@yellowbook.com,Male
947,Chrotoem,Sprowle,csprowleqa@facebook.com,Male
948,Lefty,Macieja,lmaciejaqb@latimes.com,Male
949,Giulietta,Alloway,gallowayqc@exblog.jp,Female
950,Gino,Calabry,gcalabryqd@over-blog.com,Male
951,Ana,Hamper,ahamperqe@nbcnews.com,Female
952,Yoko,Tolliday,ytollidayqf@1und1.de,Female
953,Cleon,Collabine,ccollabineqg@qq.com,Male
954,Gwenette,Turbitt,gturbittqh@qq.com,Female
955,Lynna,Michelin,lmichelinqi@gmpg.org,Female
956,Sybyl,Tilliards,stilliardsqj@alibaba.com,Female
957,Delmore,Leynton,dleyntonqk@list-manage.com,Male
958,Glori,Blades,gbladesql@accuweather.com,Female
959,Shelley,Ivens,sivensqm@acquirethisname.com,Female
960,Mariam,Brodway,mbrodwayqn@issuu.com,Female
961,Alexandre,Behan,abehanqo@indiegogo.com,Male
962,Violetta,Splevings,vsplevingsqp@baidu.com,Female
963,Nolana,Salzburg,nsalzburgqq@digg.com,Female
964,Giff,Bentson,gbentsonqr@ft.com,Male
965,Traver,Kingescot,tkingescotqs@1und1.de,Male
966,Bertrando,Jimeno,bjimenoqt@bloomberg.com,Male
967,Clevie,Djurisic,cdjurisicqu@oracle.com,Male
968,Rosalinda,Teffrey,rteffreyqv@plala.or.jp,Female
969,Shawn,Connichie,sconnichieqw@webmd.com,Male
970,Mabel,Folks,mfolksqx@opera.com,Female
971,Adrian,Shearston,ashearstonqy@google.es,Female
972,Yehudit,Chatterton,ychattertonqz@cnet.com,Male
973,Channa,Churchill,cchurchillr0@microsoft.com,Female
974,Hilton,Tapper,htapperr1@nih.gov,Male
975,Cordy,Haking,chakingr2@blogger.com,Male
976,Lindy,Harkness,lharknessr3@people.com.cn,Male
977,Geoff,Girkin,ggirkinr4@about.me,Male
978,Shay,Dullard,sdullardr5@yellowbook.com,Female
979,Almira,O'Caine,aocainer6@biglobe.ne.jp,Female
980,Milissent,Schiersch,mschierschr7@latimes.com,Female
981,Lenci,Fryatt,lfryattr8@meetup.com,Male
982,Ben,Rolse,brolser9@abc.net.au,Male
983,Polly,Gensavage,pgensavagera@sciencedaily.com,Female
984,Greg,Gerry,ggerryrb@netlog.com,Male
985,Neely,Mileham,nmilehamrc@sun.com,Female
986,Carey,Morston,cmorstonrd@deviantart.com,Male
987,Bettye,Zannotelli,bzannotellire@intel.com,Female
988,Adan,Peperell,apeperellrf@blogs.com,Female
989,Silvano,Kerrod,skerrodrg@dagondesign.com,Male
990,Rock,Codlin,rcodlinrh@goodreads.com,Male
991,Reider,Balchen,rbalchenri@yolasite.com,Male
992,Lanita,Cruddas,lcruddasrj@yahoo.com,Female
993,Merwyn,Dunmuir,mdunmuirrk@msu.edu,Male
994,Merv,Janczak,mjanczakrl@nhs.uk,Male
995,Katlin,Quernel,kquernelrm@theglobeandmail.com,Female
996,Delmore,Macauley,dmacauleyrn@who.int,Male
997,Kittie,Drydale,kdrydalero@loc.gov,Female
998,Bo,Drake,bdrakerp@shop-pro.jp,Male
999,Sara,Ridding,sriddingrq@mtv.com,Female
1000,Anne-corinne,Rycroft,arycroftrr@merriam-webster.com,Female
